{"cameraMode":{"drawMode":0,"name":"Shaded","section":"Shading Mode"},"sceneLighting":false,"audioPlay":false,"sceneViewState":{"showFog":true,"showMaterialUpdate":false,"showSkybox":true,"showFlares":true,"showImageEffects":true,"showParticleSystems":true},"in2DMode":false,"pivot":{"x":100.08499908447266,"y":-0.9250000715255737,"z":0.0},"rotation":{"x":-0.126804918050766,"y":-0.028570296242833139,"z":0.0036538923159241678,"w":-0.9915105700492859},"size":11.213617324829102,"orthographic":false}